<?xml version="1.0" encoding="utf-8" ?>
<dwsync>
<file name="AUTHORS" server="50.62.160.41/dev.actmedicalgroup.net/" local="131376680880000000" remote="131895694200000000" Dst="0" />
<file name="BUGS" server="50.62.160.41/dev.actmedicalgroup.net/" local="131376680880000000" remote="131895694200000000" Dst="0" />
<file name="langcover.txt" server="50.62.160.41/dev.actmedicalgroup.net/" local="131376680880000000" remote="131895694200000000" Dst="0" />
<file name="LICENSE" server="50.62.160.41/dev.actmedicalgroup.net/" local="131376680880000000" remote="131895694200000000" Dst="0" />
<file name="NEWS" server="50.62.160.41/dev.actmedicalgroup.net/" local="131376680880000000" remote="131895694200000000" Dst="0" />
<file name="README" server="50.62.160.41/dev.actmedicalgroup.net/" local="131376680880000000" remote="131895694200000000" Dst="0" />
<file name="status.txt" server="50.62.160.41/dev.actmedicalgroup.net/" local="131376680880000000" remote="131895694200000000" Dst="0" />
<file name="unicover.txt" server="50.62.160.41/dev.actmedicalgroup.net/" local="131376680880000000" remote="131895694800000000" Dst="0" />
</dwsync>