<?xml version="1.0" encoding="utf-8" ?>
<dwsync>
<file name="AUTHORS" server="50.62.160.41/dev.actmedicalgroup.net/" local="131376680880000000" remote="131895694800000000" Dst="0" />
<file name="ChangeLog" server="50.62.160.41/dev.actmedicalgroup.net/" local="131376680880000000" remote="131895694800000000" Dst="0" />
<file name="ChangeLog.10070.BAK" server="50.62.160.41/dev.actmedicalgroup.net/" local="131376680880000000" remote="131895695400000000" Dst="0" />
<file name="COPYING" server="50.62.160.41/dev.actmedicalgroup.net/" local="131376680880000000" remote="131895695400000000" Dst="0" />
<file name="CREDITS" server="50.62.160.41/dev.actmedicalgroup.net/" local="131376680880000000" remote="131895695400000000" Dst="0" />
<file name="INSTALL" server="50.62.160.41/dev.actmedicalgroup.net/" local="131376680880000000" remote="131895695400000000" Dst="0" />
<file name="README" server="50.62.160.41/dev.actmedicalgroup.net/" local="131376680880000000" remote="131895695400000000" Dst="0" />
<file name="TROUBLESHOOTING" server="50.62.160.41/dev.actmedicalgroup.net/" local="131376680880000000" remote="131895695400000000" Dst="0" />
<file name="USAGE" server="50.62.160.41/dev.actmedicalgroup.net/" local="131376680880000000" remote="131895695400000000" Dst="0" />
</dwsync>